id,title,description,availability,condition,price,link,image_link,mpn
1,"Baseus T2 Mini Rope Type Gantungan Anti Hilang Key Finder Locator",-,"in stock",new,121000,https://www.tokopedia.com/hifebriansyah/baseus-t2-mini-rope-type-gantungan-anti-hilang-key-finder-locator,https://images.tokopedia.net/img/cache/500-square/VqbcmM/2021/11/12/7b315624-a110-457a-9baa-86a6cba74691.jpg?ect=4g,baseus-t2-mini-rope-type-gantungan-anti-hilang-key-finder-locator-zlfdqt2-02-white
2,"3LIFE Pompa Air Galon Foldable Electric Water Pump Rechargeable - 012",-,"in stock",new,155000,https://www.tokopedia.com/hifebriansyah/3life-pompa-air-galon-foldable-electric-water-pump-rechargeable-012,https://images.tokopedia.net/img/cache/500-square/VqbcmM/2021/11/12/30a0476b-8410-437d-97f8-bf1d6ab702c3.jpg?ect=4g,3life-pompa-air-galon-foldable-electric-water-pump-rechargeable-012-white
3,"Xiaomi Millet Bluetooth Audio Receiver - White",-,"in stock",new,210000,https://www.tokopedia.com/hifebriansyah/xiaomi-millet-bluetooth-audio-receiver-white,https://images.tokopedia.net/img/cache/500-square/VqbcmM/2021/11/12/a2dcd50c-e4a3-4a2e-a141-4ecf29d8f2eb.jpg?ect=4g,xiaomi-millet-bluetooth-audio-receiver-white
4,"3LIFE Pompa Air Galon Water Pump Rechargeable USB Touch Switch - PUMP0",-,"in stock",new,138000,https://www.tokopedia.com/hifebriansyah/3life-pompa-air-galon-water-pump-rechargeable-usb-touch-switch-pump0,https://images.tokopedia.net/img/cache/500-square/VqbcmM/2021/11/12/e84e37fa-27fe-439b-bb42-aaa2a8ca236d.jpg?ect=4g,xiaomi-mijia-3life-pompa-air-galon-water-pump-rechargeable-usb-touch-switch-white
5,"Xiaomi DEERMA Air Humidifier Ultrasonic Aromatherapy Oil Diffuser L",-,"in stock",new,1065000,https://www.tokopedia.com/hifebriansyah/xiaomi-deerma-air-humidifier-ultrasonic-aromatherapy-oil-diffuser-l,https://images.tokopedia.net/img/cache/500-square/VqbcmM/2021/11/11/b6c1f16e-4678-41ba-92bc-a38cef9d268f.jpg?ect=4g,xiaomi-deerma-penyedot-debu-dengan-sinar-uv-cm1500-white
6,"Deerma Penyedot Debu Vacuum Cleaner Handheld Push Rod 2in1",-,"in stock",new,415000,https://www.tokopedia.com/hifebriansyah/deerma-penyedot-debu-vacuum-cleaner-handheld-push-rod-2in1,https://images.tokopedia.net/img/cache/500-square/VqbcmM/2021/11/11/1a0cd082-8d04-486a-af1a-277d6418c72c.jpg?ect=4g,xiaomi-deerma-penyedot-debu-vacuum-cleaner-handheld-push-rod-2in1-dx900-black
7,"Xiaomi Deerma Egg Beater Mixer Telur Foamer Stirrer Milk Frother",-,"in stock",new,292000,https://www.tokopedia.com/hifebriansyah/xiaomi-deerma-egg-beater-mixer-telur-foamer-stirrer-milk-frother,https://images.tokopedia.net/img/cache/500-square/VqbcmM/2021/11/11/375c7cc2-ee00-4730-8690-bd1714531ea1.jpg?ect=4g,xiaomi-deerma-egg-beater-mixer-telur-foamer-stirrer-milk-frother-jb01-white
8,"Xiaomi DEERMA Air Humidifier Ultrasonic Aromatherapy Smart Constant",-,"in stock",new,345000,https://www.tokopedia.com/hifebriansyah/xiaomi-deerma-air-humidifier-ultrasonic-aromatherapy-smart-constant,https://images.tokopedia.net/img/cache/500-square/VqbcmM/2021/11/10/57667d80-91a1-47ac-82e3-5f4a961f2edd.jpg?ect=4g,xiaomi-deerma-air-humidifier-ultrasonic-aromatherapy-smart-constant-humidity-2.5l-f301-white
9,"Xiaomi Deerma Dehumidifier Reusable Air Dryer Moisture Absorber",-,"in stock",new,216000,https://www.tokopedia.com/hifebriansyah/xiaomi-deerma-dehumidifier-reusable-air-dryer-moisture-absorber,https://images.tokopedia.net/img/cache/500-square/VqbcmM/2021/11/10/d251ebe1-3a9c-4e0a-bec3-90ecf3abd578.jpg?ect=4g,xiaomi-deerma-dehumidifier-reusable-air-dryer-moisture-absorber-dem-cs90m-white
10,"Xiaomi Deerma Tempat Sabun Sentuh Touch Soap Dispenser Hand Wash",-,"in stock",new,232000,https://www.tokopedia.com/hifebriansyah/xiaomi-deerma-tempat-sabun-sentuh-touch-soap-dispenser-hand-wash,https://images.tokopedia.net/img/cache/500-square/VqbcmM/2021/11/10/2b15bd31-afb8-4214-b584-3afa7d429c89.jpg?ect=4g,xiaomi-deerma-tempat-sabun-sentuh-touch-soap-dispenser-hand-wash-basin-dem-xs100-white
11,"DEERMA Alat Pel Steam Cleaner Multifunction - DEM-ZQ610 - White",-,"in stock",new,878000,https://www.tokopedia.com/hifebriansyah/deerma-alat-pel-steam-cleaner-multifunction-dem-zq610-white,https://images.tokopedia.net/img/cache/500-square/VqbcmM/2021/11/10/9758085a-b2fb-4309-9602-89d5ab947159.jpg?ect=4g,deerma-alat-pel-steam-cleaner-multifunction-dem-zq610-white
12,"Xiaomi Deerma Setrika Uap Genggam Foldable Garment Steamer Iron Brush",-,"in stock",new,409000,https://www.tokopedia.com/hifebriansyah/xiaomi-deerma-setrika-uap-genggam-foldable-garment-steamer-iron-brush,https://images.tokopedia.net/img/cache/500-square/VqbcmM/2021/11/10/856f9644-9e26-49fa-b518-829a3abe2cf5.jpg?ect=4g,xiaomi-deerma-setrika-uap-genggam-foldable-garment-steamer-iron-brush-dem-hs006-white
13,"Deerma Alat Penyedot Debu Vacuum Cleaner - VC20 Plus - White",-,"in stock",new,1125000,https://www.tokopedia.com/hifebriansyah/deerma-alat-penyedot-debu-vacuum-cleaner-vc20-plus-white,https://images.tokopedia.net/img/cache/500-square/VqbcmM/2021/11/10/5a7222db-17ea-4ff3-b825-475b5b2af6b6.jpg?ect=4g,xiaomi-deerma-alat-penyedot-debu-vacuum-cleaner-vc20-plus-white
14,"Deerma Penyedot Debu Vacuum Cleaner 2 in 1 - DX700 / DX700S - White",-,"in stock",new,495000,https://www.tokopedia.com/hifebriansyah/deerma-penyedot-debu-vacuum-cleaner-2-in-1-dx700-dx700s-white,https://images.tokopedia.net/img/cache/500-square/VqbcmM/2021/11/10/82012bbc-cf6e-40df-b7f1-00451dd285a7.jpg?ect=4g,xiaomi-deerma-penyedot-debu-vacuum-cleaner-2-in-1-dx700-or-dx700s-white
15,"Xiaomi Deerma Setrika Uap Steamer 2 in 1 Multifunctional Ironing 1000W",-,"in stock",new,675000,https://www.tokopedia.com/hifebriansyah/xiaomi-deerma-setrika-uap-steamer-2-in-1-multifunctional-ironing-1000w,https://images.tokopedia.net/img/cache/500-square/VqbcmM/2021/11/10/45e0fb39-196d-4981-bd5c-9d385e0c0abd.jpg?ect=4g,xiaomi-deerma-setrika-uap-steamer-2-in-1-multifunctional-ironing-1000w-110ml-dem-hs218-white
16,"DEERMA Setrika Uap Portable Handheld Steamers Clothers - DEM-GT106",-,"in stock",new,398000,https://www.tokopedia.com/hifebriansyah/deerma-setrika-uap-portable-handheld-steamers-clothers-dem-gt106,https://images.tokopedia.net/img/cache/500-square/VqbcmM/2021/11/9/48190464-0d31-4df6-9c00-4243c7dbdc09.jpg?ect=4g,xiaomi-deerma-setrika-uap-portable-handheld-steamers-clothers-dem-gt106-pink
17,"Deerma Penyedot Debu Vacuum Cleaner - DX118C - White",-,"in stock",new,325000,https://www.tokopedia.com/hifebriansyah/deerma-penyedot-debu-vacuum-cleaner-dx118c-white,https://images.tokopedia.net/img/cache/500-square/VqbcmM/2021/11/9/6ca08815-7fa1-46d5-88a7-5734c88837d2.jpg?ect=4g,deerma-penyedot-debu-vacuum-cleaner-dx118c-white
18,"Deerma Penyedot Debu Vacuum Cleaner - DX115C - Black",-,"in stock",new,315000,https://www.tokopedia.com/hifebriansyah/deerma-penyedot-debu-vacuum-cleaner-dx115c-black,https://images.tokopedia.net/img/cache/500-square/VqbcmM/2021/11/9/912f8281-5e9c-4be2-9137-b4d2815165ee.jpg?ect=4g,xiaomi-deerma-penyedot-debu-vacuum-cleaner-dx115c-black
19,"Xiaomi Youpin Deerma Penggiling Daging Sayuran Bawang Putih Listrik",-,"in stock",new,225000,https://www.tokopedia.com/hifebriansyah/xiaomi-youpin-deerma-penggiling-daging-sayuran-bawang-putih-listrik,https://images.tokopedia.net/img/cache/500-square/VqbcmM/2021/11/9/7d83a311-3df0-4e6b-8015-07e4bc2c7005.jpg?ect=4g,xiaomi-youpin-deerma-penggiling-daging-sayuran-bawang-putih-listrik-portable-stirrer-dem-js100-blue
20,"Deerma Vacuum Cleaner Penyedot Debu Wireless Sinar Ultraviolet",-,"in stock",new,913000,https://www.tokopedia.com/hifebriansyah/deerma-vacuum-cleaner-penyedot-debu-wireless-sinar-ultraviolet,https://images.tokopedia.net/img/cache/500-square/VqbcmM/2021/11/8/92ce2ff0-db96-4052-9d30-ceaca510ace2.jpg?ect=4g,deerma-vacuum-cleaner-penyedot-debu-wireless-sinar-ultraviolet-anti-tungau-dan-debu-cm1900-white
21,"Deerma Penghisap Debu Vacuum Cleaner Kasur Sofa Tungau Dust Mite Clean",-,"in stock",new,395000,https://www.tokopedia.com/hifebriansyah/deerma-penghisap-debu-vacuum-cleaner-kasur-sofa-tungau-dust-mite-clean,https://images.tokopedia.net/img/cache/500-square/VqbcmM/2021/11/8/6b49ad33-b00b-427c-bb05-348e0c7ea7f6.jpg?ect=4g,deerma-penghisap-debu-vacuum-cleaner-kasur-sofa-tungau-dust-mite-cleaner-cm300-white
22,"Deerma Air Humidifier Ultrasonic Aromatherapy Oil Diffuser StandardVer",-,"in stock",new,268000,https://www.tokopedia.com/hifebriansyah/deerma-air-humidifier-ultrasonic-aromatherapy-oil-diffuser-standardver,https://images.tokopedia.net/img/cache/500-square/VqbcmM/2021/11/8/a6591943-a53b-4f5c-8a68-e702b0d39323.jpg?ect=4g,deerma-air-humidifier-ultrasonic-aromatherapy-oil-diffuser-standard-version-5l-dem-f628-white
23,"Deerma AG+ Saringan Air Filter Activated Carbon Water Purifier",-,"in stock",new,64000,https://www.tokopedia.com/hifebriansyah/deerma-ag-saringan-air-filter-activated-carbon-water-purifier,https://images.tokopedia.net/img/cache/500-square/VqbcmM/2021/11/8/9dd0845c-bd26-45e5-bfa6-27e61ba2ee2b.jpg?ect=4g,xiaomi-deerma-ag-saringan-air-filter-activated-carbon-water-purifier-sterilization-antibacterial-humidifier
24,"APEXEL Teropong Berburu Binoculars Compact Zoom 10x42 - APL-PR10X42",-,"in stock",new,410000,https://www.tokopedia.com/hifebriansyah/apexel-teropong-berburu-binoculars-compact-zoom-10x42-apl-pr10x42,https://images.tokopedia.net/img/cache/500-square/VqbcmM/2021/11/8/f29f0d12-bab7-4130-98f6-5518c17e1e37.jpg?ect=4g,apexel-teropong-berburu-binoculars-compact-zoom-10x42-apl-pb10x25-black
25,"APEXEL Teropong Berburu Binoculars Compact Zoom 12x42 - APL-PR12X42",-,"in stock",new,419000,https://www.tokopedia.com/hifebriansyah/apexel-teropong-berburu-binoculars-compact-zoom-12x42-apl-pr12x42,https://images.tokopedia.net/img/cache/500-square/VqbcmM/2021/11/8/08dc04e7-ff31-4921-a039-ed9244f7f8cd.jpg?ect=4g,apexel-teropong-berburu-binoculars-compact-zoom-12x42-apl-rb12x42-black
26,"Xiaomi 1More TWS Earphone True Wireless Bluetooth 5.0 aptX ACC with Ch",-,"in stock",new,530000,https://www.tokopedia.com/hifebriansyah/xiaomi-1more-tws-earphone-true-wireless-bluetooth-5-0-aptx-acc-with-ch,https://images.tokopedia.net/img/cache/500-square/VqbcmM/2021/11/6/8fdefb9f-6367-4a05-86a0-2fa393b364c8.jpg?ect=4g,xiaomi-1more-tws-earphone-true-wireless-bluetooth-5.0-aptx-acc-hifi-with-charging-case-e1026bt-black
27,"Xiaomi 1More TWS Earphone Bluetooth 5.0 aptX ANC with Charging Case",-,"in stock",new,1349000,https://www.tokopedia.com/hifebriansyah/xiaomi-1more-tws-earphone-bluetooth-5-0-aptx-anc-with-charging-case,https://images.tokopedia.net/img/cache/500-square/VqbcmM/2021/11/6/62bd3042-effe-496a-a82c-f010abbb6d32.jpg?ect=4g,xiaomi-1more-tws-earphone-bluetooth-5.0-aptx-anc-with-charging-case-ehd9001ta-black
28,"1More Piston Metal Stereo Earphone with Mic - E1009 (Original) - Gray",-,"in stock",new,81000,https://www.tokopedia.com/hifebriansyah/1more-piston-metal-stereo-earphone-with-mic-e1009-original-gray,https://images.tokopedia.net/img/cache/500-square/VqbcmM/2021/11/6/fe5632f8-edef-4ff8-978c-fa624ccbde13.jpg?ect=4g,1more-piston-metal-stereo-earphone-with-mic-e1009-original-gray
29,"1More Piston 2 in-Ear Earphone Earbuds with Mic - Golden",-,"in stock",new,69000,https://www.tokopedia.com/hifebriansyah/1more-piston-2-in-ear-earphone-earbuds-with-mic-golden,https://images.tokopedia.net/img/cache/500-square/VqbcmM/2021/11/6/1b3c493f-66cb-47e4-aca5-4322f8ac3507.jpg?ect=4g,1more-piston-2-in-ear-earphone-earbuds-with-mic-golden
30,"Deerma Purifying Air Humidifier Aromatherapy Oil Diffuser 5L - SJS100",-,"in stock",new,695000,https://www.tokopedia.com/hifebriansyah/deerma-purifying-air-humidifier-aromatherapy-oil-diffuser-5l-sjs100,https://images.tokopedia.net/img/cache/500-square/VqbcmM/2021/11/5/4bb0f963-a9b5-4f20-b742-ae69bd2c89d9.jpg?ect=4g,deerma-purifying-air-humidifier-aromatherapy-oil-diffuser-5l-sjs100-white
31,"DEERMA Electric Kettle Teko Lipat Pemanas Listrik 600ML - DEM-DH300",-,"in stock",new,433000,https://www.tokopedia.com/hifebriansyah/deerma-electric-kettle-teko-lipat-pemanas-listrik-600ml-dem-dh300,https://images.tokopedia.net/img/cache/500-square/VqbcmM/2021/11/5/e9c8da79-a41d-4058-b9d3-762864296ad7.jpg?ect=4g,deerma-electric-kettle-teko-lipat-pemanas-listrik-600ml-dem-dh300-white
32,"DEERMA Air Humidifier Ultrasonic Aromatherapy Oil Diffuser 5L",-,"in stock",new,305000,https://www.tokopedia.com/hifebriansyah/deerma-air-humidifier-ultrasonic-aromatherapy-oil-diffuser-5l,https://images.tokopedia.net/img/cache/500-square/VqbcmM/2021/11/5/5436bbf4-c51f-4faf-a855-5b533253f584.jpg?ect=4g,deerma-air-humidifier-ultrasonic-aromatherapy-oil-diffuser-5l-touch-screen-version-dem-f500-white
33,"Deerma Penyedot Debu Handheld Vacuum Cleaner Multifunction DX1000 Blue",-,"in stock",new,735000,https://www.tokopedia.com/hifebriansyah/deerma-penyedot-debu-handheld-vacuum-cleaner-multifunction-dx1000-blue,https://images.tokopedia.net/img/cache/500-square/VqbcmM/2021/11/5/911afff0-a787-4393-b7af-0a54a12da2ba.jpg?ect=4g,deerma-penyedot-debu-handheld-vacuum-cleaner-multifunction-dx1000-blue
34,"Xiaomi DEERMA Air Humidifier Ultrasonic Aromatherapy Oil Diffuser Larg",-,"in stock",new,360000,https://www.tokopedia.com/hifebriansyah/xiaomi-deerma-air-humidifier-ultrasonic-aromatherapy-oil-diffuser-larg,https://images.tokopedia.net/img/cache/500-square/VqbcmM/2021/11/5/5a3c19a1-7755-4587-91d8-36663d525477.jpg?ect=4g,xiaomi-deerma-air-humidifier-ultrasonic-aromatherapy-oil-diffuser-large-capacity-5l-touch-screen-f600-black
35,"DEERMA Air Humidifier Ultrasonic Aromatherapy Oil Diffuser Large Cap",-,"in stock",new,278000,https://www.tokopedia.com/hifebriansyah/deerma-air-humidifier-ultrasonic-aromatherapy-oil-diffuser-large-cap,https://images.tokopedia.net/img/cache/500-square/VqbcmM/2021/11/5/4e912a68-cc81-4305-8b73-a96142dc99a0.jpg?ect=4g,xiaomi-deerma-air-humidifier-ultrasonic-aromatherapy-oil-diffuser-large-capacity-5l-touch-screen-version-f600-white
36,"DEERMA Humidifier Stand Ultrasonic Large Capacity 5L - LD300 - White",-,"in stock",new,473000,https://www.tokopedia.com/hifebriansyah/deerma-humidifier-stand-ultrasonic-large-capacity-5l-ld300-white,https://images.tokopedia.net/img/cache/500-square/VqbcmM/2021/11/5/ec8bbe78-2d3f-4c79-a302-9e49ad146385.jpg?ect=4g,deerma-humidifier-stand-ultrasonic-large-capacity-5l-ld300-white
37,"Deerma Microfiber Cloth Refill Replacement 1 PCS for Deerma Sweeper",-,"in stock",new,37000,https://www.tokopedia.com/hifebriansyah/deerma-microfiber-cloth-refill-replacement-1-pcs-for-deerma-sweeper,https://images.tokopedia.net/img/cache/500-square/VqbcmM/2021/11/5/65675bdf-eda8-410a-a97c-697bca24eb0d.jpg?ect=4g,deerma-microfiber-cloth-refill-replacement-1-pcs-for-deerma-sweeper-mop-tb900-gray
38,"Deerma Hepa Dust Filter for Deerma Vacuum Cleaner DX700 / DX700S",-,"in stock",new,42000,https://www.tokopedia.com/hifebriansyah/deerma-hepa-dust-filter-for-deerma-vacuum-cleaner-dx700-dx700s,https://images.tokopedia.net/img/cache/500-square/VqbcmM/2021/11/5/bdf6302b-7c84-4049-a88f-c4514f9d0689.jpg?ect=4g,deerma-hepa-dust-filter-for-deerma-vacuum-cleaner-dx700-or-dx700s
39,"Taffware Digipounds Timbangan Badan Digital Gym Health Scale Battery",-,"in stock",new,89000,https://www.tokopedia.com/hifebriansyah/taffware-digipounds-timbangan-badan-digital-gym-health-scale-battery,https://images.tokopedia.net/img/cache/500-square/VqbcmM/2021/11/4/cdb4698c-703e-479a-a419-72fb99d0bd3c.jpg?ect=4g,taffware-digipounds-timbangan-badan-digital-gym-health-scale-battery-version-sc-15-white
40,"Taffware Digipounds Timbangan Badan Digital + Temperature Battery",-,"in stock",new,76000,https://www.tokopedia.com/hifebriansyah/taffware-digipounds-timbangan-badan-digital-temperature-battery,https://images.tokopedia.net/img/cache/500-square/VqbcmM/2021/11/4/3ced556f-e861-4a64-a523-057c77da8786.jpg?ect=4g,taffware-digipounds-timbangan-badan-digital-temperature-battery-version-sc-15-black
41,"Taffware Digipounds Timbangan Badan Digital with Bluetooth - SC10White",-,"in stock",new,97000,https://www.tokopedia.com/hifebriansyah/taffware-digipounds-timbangan-badan-digital-with-bluetooth-sc10white,https://images.tokopedia.net/img/cache/500-square/VqbcmM/2021/11/4/47e079f7-2de8-4dc3-bb42-0948a14bf2dd.jpg?ect=4g,taffware-digipounds-timbangan-badan-digital-with-bluetooth-sc-10-white
42,"Taffware Digipounds Timbangan Badan Mini Digital Desain Kartun 180Kg",-,"in stock",new,57000,https://www.tokopedia.com/hifebriansyah/taffware-digipounds-timbangan-badan-mini-digital-desain-kartun-180kg,https://images.tokopedia.net/img/cache/500-square/VqbcmM/2021/11/4/2accf7dc-8c6e-4fb0-a2dd-faeb7475c249.jpg?ect=4g,taffware-digipounds-timbangan-badan-mini-digital-desain-kartun-180kg-sc-01-pink
43,"Taffware Digipounds Gohide Timbangan Badan Kaca Digital 180Kg Small",-,"in stock",new,63000,https://www.tokopedia.com/hifebriansyah/taffware-digipounds-gohide-timbangan-badan-kaca-digital-180kg-small,https://images.tokopedia.net/img/cache/500-square/VqbcmM/2021/11/4/501edc5c-5dcd-4909-88dc-efb9ea1b95e3.jpg?ect=4g,taffware-digipounds-gohide-timbangan-badan-kaca-digital-180kg-small-size-sc-04-transparent
44,"Taffware Digipounds Gohide Timbangan Badan Kaca Digital 180KgLargeSize",-,"in stock",new,74000,https://www.tokopedia.com/hifebriansyah/taffware-digipounds-gohide-timbangan-badan-kaca-digital-180kglargesize,https://images.tokopedia.net/img/cache/500-square/VqbcmM/2021/11/4/5abd0726-df00-4594-9f88-32f4da2dd4ef.jpg?ect=4g,taffware-digipounds-gohide-timbangan-badan-kaca-digital-180kg-large-size-2003a-transparent
45,"TaffwareDigipounds Timbangan Badan Digital dengan Indikator Suhu black",-,"in stock",new,77000,https://www.tokopedia.com/hifebriansyah/taffwaredigipounds-timbangan-badan-digital-dengan-indikator-suhu-black,https://images.tokopedia.net/img/cache/500-square/VqbcmM/2021/11/4/c4478845-a239-4c7a-8ce3-bf8131b54564.jpg?ect=4g,taffware-digipounds-timbangan-badan-digital-dengan-indikator-suhu-sc-09-black
46,"Taffware Digipounds Timbangan Badan Elektronik Bluetooth 150KG - SC-07",-,"in stock",new,97000,https://www.tokopedia.com/hifebriansyah/taffware-digipounds-timbangan-badan-elektronik-bluetooth-150kg-sc-07,https://images.tokopedia.net/img/cache/500-square/VqbcmM/2021/11/4/021ae508-4a44-4876-a453-06a363865c1b.jpg?ect=4g,taffware-digipounds-timbangan-badan-elektronik-bluetooth-150kg-sc-07-black
47,"Taffware Digipounds Timbangan Badan Kaca Elektronik 180KG - SC-05 Pink",-,"in stock",new,68000,https://www.tokopedia.com/hifebriansyah/taffware-digipounds-timbangan-badan-kaca-elektronik-180kg-sc-05-pink,https://images.tokopedia.net/img/cache/500-square/VqbcmM/2021/11/4/ac94b107-985f-4774-9b7e-4fa742b51780.jpg?ect=4g,taffware-digipounds-timbangan-badan-kaca-elektronik-180kg-sc-05-pink
48,"Taffware Digipounds Timbangan Badan Kaca Elektronik 180KG SC-05 Black",-,"in stock",new,79000,https://www.tokopedia.com/hifebriansyah/taffware-digipounds-timbangan-badan-kaca-elektronik-180kg-sc-05-black,https://images.tokopedia.net/img/cache/500-square/VqbcmM/2021/11/4/3d4dec5b-eb33-41d4-bf39-322a2c2327b9.jpg?ect=4g,taffware-digipounds-timbangan-badan-kaca-elektronik-180kg-sc-05-black
49,"Taffware Digipounds Gason Timbangan Badan Elektronik 180kg - A2 Black",-,"in stock",new,90000,https://www.tokopedia.com/hifebriansyah/taffware-digipounds-gason-timbangan-badan-elektronik-180kg-a2-black,https://images.tokopedia.net/img/cache/500-square/VqbcmM/2021/11/4/c1d55bf0-f58c-42de-be47-464aac8fb72f.jpg?ect=4g,taffware-digipounds-gason-timbangan-badan-elektronik-180kg-a2-black
50,"Taffware Digipounds Timbangan Badan Digital + Temperature USB Recharge",-,"in stock",new,84000,https://www.tokopedia.com/hifebriansyah/taffware-digipounds-timbangan-badan-digital-temperature-usb-recharge,https://images.tokopedia.net/img/cache/500-square/VqbcmM/2021/11/4/95a81721-14a4-4ba8-9d1a-2b9a73ee1549.jpg?ect=4g,taffware-digipounds-timbangan-badan-digital-temperature-usb-rechargeable-version-sc-12u-black
51,"Taffware Digipounds Timbangan Badan Mini Digital 180Kg - SC-11 - Blue",-,"in stock",new,83000,https://www.tokopedia.com/hifebriansyah/taffware-digipounds-timbangan-badan-mini-digital-180kg-sc-11-blue,https://images.tokopedia.net/img/cache/500-square/VqbcmM/2021/11/4/1fe302a5-744d-4fd1-960a-082bb3f1a2ca.jpg?ect=4g,taffware-digipounds-timbangan-badan-mini-digital-180kg-sc-11-blue
52,"Taffware Digipounds Timbangan Badan Digital + Temperature Battery Ver",-,"in stock",new,72000,https://www.tokopedia.com/hifebriansyah/taffware-digipounds-timbangan-badan-digital-temperature-battery-ver,https://images.tokopedia.net/img/cache/500-square/VqbcmM/2021/11/4/8179ec28-9b4a-46fd-9233-514bcf72a746.jpg?ect=4g,taffware-digipounds-timbangan-badan-digital--temperature-battery-version-sc-12-black
53,"HP EliteBook X360 1030 G2 Intel i7-7600U 16GB 512GB Touchscreen [NEGO]",-,"in stock",new,7800000,https://www.tokopedia.com/hifebriansyah/hp-elitebook-x360-1030-g2-intel-i7-7600u-16gb-512gb-touchscreen-nego-fhd-512-gb,https://images.tokopedia.net/img/cache/500-square/VqbcmM/2021/11/4/8e6ffde4-7706-49c7-a406-e5671d7998be.jpg?ect=4g,hp-elitebook-x360-1030-g2-intel-i7-7600u-16gb-512gb-13.3-fhd-touchscreen-bekas-grade-a-silver
54,"MCDODO Kabel Charger Lightning Braided L Shape 1.8 Meter - CA-467 - Bl",-,"in stock",new,47000,https://www.tokopedia.com/hifebriansyah/mcdodo-kabel-charger-lightning-braided-l-shape-1-8-meter-ca-467-bl,https://images.tokopedia.net/img/cache/500-square/VqbcmM/2021/11/4/b9ff0925-f168-4605-acf1-961c7f212a67.jpg?ect=4g,mcdodo-kabel-charger-lightning-braided-l-shape-1.8-meter-ca-467-black
55,"MCDODO Kabel Charger USB Type C L Angle LED 2 Meter - CA-6391 - Black",-,"in stock",new,71000,https://www.tokopedia.com/hifebriansyah/mcdodo-kabel-charger-usb-type-c-l-angle-led-2-meter-ca-6391-black,https://images.tokopedia.net/img/cache/500-square/VqbcmM/2021/11/4/3cd7c3c0-04c1-48f0-955a-3f2d4158b1d8.jpg?ect=4g,mcdodo-kabel-charger-usb-type-c-l-angle-led-2-meter-ca-6391-black
56,"Mcdodo Kabel Charger USB Type C QC4.0 5A 1 Meter - CA-542 - Black",-,"in stock",new,58000,https://www.tokopedia.com/hifebriansyah/mcdodo-kabel-charger-usb-type-c-qc4-0-5a-1-meter-ca-542-black,https://images.tokopedia.net/img/cache/500-square/VqbcmM/2021/11/4/52105365-7fa2-4b4f-aea8-376fde26caa9.jpg?ect=4g,mcdodo-kabel-charger-usb-type-c-qc4.0-5a-1-meter-ca-542-black
57,"MCDODO Kabel Charger USB Type C Fast Charging 5A 1.5 Meter - CA-7430 -",-,"in stock",new,61000,https://www.tokopedia.com/hifebriansyah/mcdodo-kabel-charger-usb-type-c-fast-charging-5a-1-5-meter-ca-7430,https://images.tokopedia.net/img/cache/500-square/VqbcmM/2021/11/4/fcd3b457-7d77-445e-b2ed-283eea44d382.jpg?ect=4g,mcdodo-kabel-charger-usb-type-c-fast-charging-3a-1.5-meter-ca-402-black
58,"MCDODO Charger USB Type C PD QC4.0 2 Port 20W - CH-8411 - Black",-,"in stock",new,141000,https://www.tokopedia.com/hifebriansyah/mcdodo-charger-usb-type-c-pd-qc4-0-2-port-20w-ch-8411-black,https://images.tokopedia.net/img/cache/500-square/VqbcmM/2021/11/4/ce9b67ed-6b45-4536-924d-84c0c6030497.jpg?ect=4g,mcdodo-charger-usb-type-c-pd-qc4.0-2-port-20w-b211-black
59,"MCDODO Kabel Charger Lightning Fast Charging 3A 1.8 Meter - CA-8063 -",-,"in stock",new,84000,https://www.tokopedia.com/hifebriansyah/mcdodo-kabel-charger-lightning-fast-charging-3a-1-8-meter-ca-8063,https://images.tokopedia.net/img/cache/500-square/VqbcmM/2021/11/4/d06a4af3-dd9f-4c9d-b271-43f4cd071dbb.jpg?ect=4g,mcdodo-kabel-charger-lightning-fast-charging-3a-1.8-meter-ca-401-black
60,"MCDODO GaN Charger USB Type C QC4 PD 3 Port 65W - CA-792 - Black",-,"in stock",new,376000,https://www.tokopedia.com/hifebriansyah/mcdodo-gan-charger-usb-type-c-qc4-pd-3-port-65w-ca-792-black,https://images.tokopedia.net/img/cache/500-square/VqbcmM/2021/11/4/8381b990-14bc-4571-bb60-723af0aa59f7.jpg?ect=4g,mcdodo-gan-charger-usb-type-c-qc4-pd-3-port-65w-ca-792-black
61,"MCDODO Kabel Charger Lightning L Shape 2.4A 1.8 Meter - CA-667 - Black",-,"in stock",new,49000,https://www.tokopedia.com/hifebriansyah/mcdodo-kabel-charger-lightning-l-shape-2-4a-1-8-meter-ca-667-black,https://images.tokopedia.net/img/cache/500-square/VqbcmM/2021/11/4/d0aff90a-dc55-4dc7-a293-2505d994dd2f.jpg?ect=4g,mcdodo-kabel-charger-lightning-l-shape-2.4a-1.8-meter-ol02-black
62,"MCDODO Kabel Charger USB Type C to Lightning PD Quick Charge 36W 1.8m",-,"in stock",new,84000,https://www.tokopedia.com/hifebriansyah/mcdodo-kabel-charger-usb-type-c-to-lightning-pd-quick-charge-36w-1-8m,https://images.tokopedia.net/img/cache/500-square/VqbcmM/2021/11/4/104791a0-fb83-4584-a7f4-c14ec02a4d73.jpg?ect=4g,mcdodo-kabel-charger-usb-type-c-to-lightning-pd-quick-charge-36w-1.8m-ca-687-black
63,"MCDODO Kabel Charger USB Type C to Lightning PD Quick Charge 1.8m - CA",-,"in stock",new,51000,https://www.tokopedia.com/hifebriansyah/mcdodo-kabel-charger-usb-type-c-to-lightning-pd-quick-charge-1-8m-ca,https://images.tokopedia.net/img/cache/500-square/VqbcmM/2021/11/4/71568ff8-7442-4b29-8e02-53330ff888f7.jpg?ect=4g,mcdodo-kabel-charger-usb-type-c-to-lightning-pd-quick-charge-1.8m-ca-6871-black
64,"MCDODO Kabel Charger USB Type C to Lightning PD Quick Charge 1.2 Meter",-,"in stock",new,84000,https://www.tokopedia.com/hifebriansyah/mcdodo-kabel-charger-usb-type-c-to-lightning-pd-quick-charge-1-2-meter,https://images.tokopedia.net/img/cache/500-square/VqbcmM/2021/11/4/ce67314f-052a-4f60-ab00-976f3939cc1c.jpg?ect=4g,mcdodo-kabel-charger-usb-type-c-to-lightning-pd-quick-charge-1.2-meter-ca-7080-black
65,"Mcdodo Thor Series Kabel Charger Gaming USB Type C 2A 2M - CA-4901 - B",-,"in stock",new,79000,https://www.tokopedia.com/hifebriansyah/mcdodo-thor-series-kabel-charger-gaming-usb-type-c-2a-2m-ca-4901-b,https://images.tokopedia.net/img/cache/500-square/VqbcmM/2021/11/4/a8fa5730-f3b8-47e7-83cc-fe65bec9ffe6.jpg?ect=4g,mcdodo-thor-series-kabel-charger-gaming-usb-type-c-2a-2m-ca-4901-black
66,"MCDODO Kabel Charger USB Type C to Lightning Braided L Shape 3A 1.8 Me",-,"in stock",new,95000,https://www.tokopedia.com/hifebriansyah/mcdodo-kabel-charger-usb-type-c-to-lightning-braided-l-shape-3a-1-8-me,https://images.tokopedia.net/img/cache/500-square/VqbcmM/2021/11/4/f7ad4b07-e336-4ce5-bc45-b234d3ae1a6b.jpg?ect=4g,mcdodo-kabel-charger-usb-type-c-to-lightning-braided-l-shape-2.4a-1.8-meter-ca-7371-black
67,"MCDODO Travel Charger USB 3 Port 3.4A - CH-5341 - Black",-,"in stock",new,63000,https://www.tokopedia.com/hifebriansyah/mcdodo-travel-charger-usb-3-port-3-4a-ch-5341-black,https://images.tokopedia.net/img/cache/500-square/VqbcmM/2021/11/4/481fd26c-963f-4834-a8f7-2ae38ec7ac1a.jpg?ect=4g,mcdodo-travel-charger-usb-3-port-3.4a-ch-5341-black
68,"MCDODO Kabel Charger USB Type C Premium Auto Disconnect 1.5 Meter - CA",-,"in stock",new,121000,https://www.tokopedia.com/hifebriansyah/mcdodo-kabel-charger-usb-type-c-premium-auto-disconnect-1-5-meter-ca,https://images.tokopedia.net/img/cache/500-square/VqbcmM/2021/11/4/7a339c98-af82-4838-be8f-633be276a19d.jpg?ect=4g,mcdodo-kabel-charger-usb-type-c-premium-auto-disconnect-1.5-meter-ca-2885-black
69,"MCDODO Kabel Charger USB Type C Braided L Shape 3A 1.8 Meter - CA-7521",-,"in stock",new,54000,https://www.tokopedia.com/hifebriansyah/mcdodo-kabel-charger-usb-type-c-braided-l-shape-3a-1-8-meter-ca-7521,https://images.tokopedia.net/img/cache/500-square/VqbcmM/2021/11/4/ea86085e-646e-4e47-b265-07b053fb1f73.jpg?ect=4g,mcdodo-kabel-charger-usb-type-c-braided-l-shape-3a-1.8-meter-ca-7521-black
70,"MCDODO Kabel Charger USB Type C Braided L Shape 1.8 Meter - CA-5282 -",-,"in stock",new,46000,https://www.tokopedia.com/hifebriansyah/mcdodo-kabel-charger-usb-type-c-braided-l-shape-1-8-meter-ca-5282,https://images.tokopedia.net/img/cache/500-square/VqbcmM/2021/11/4/51bae9e2-5d81-4ab0-995c-931ad72f7937.jpg?ect=4g,mcdodo-kabel-charger-usb-type-c-braided-l-shape-1.8-meter-black
71,"MCDODO Kabel Charger USB Type C Braided L Shape 1.2 Meter - CA-5281 -",-,"in stock",new,42000,https://www.tokopedia.com/hifebriansyah/mcdodo-kabel-charger-usb-type-c-braided-l-shape-1-2-meter-ca-5281,https://images.tokopedia.net/img/cache/500-square/VqbcmM/2021/11/4/1d429d4b-2c9a-45f0-8391-d5cb44e9d913.jpg?ect=4g,mcdodo-kabel-charger-usb-type-c-braided-l-shape-1.2-meter-ca-5201-black
72,"MCDODO Kabel Charger 3 in 1 Type C + Lightning + Micro USB 1.2 Meter -",-,"in stock",new,53000,https://www.tokopedia.com/hifebriansyah/mcdodo-kabel-charger-3-in-1-type-c-lightning-micro-usb-1-2-meter,https://images.tokopedia.net/img/cache/500-square/VqbcmM/2021/11/4/39318ed0-bdc5-440e-8c81-ebc5d6374bc8.jpg?ect=4g,mcdodo-kabel-charger-3-in-1-type-c-lightning-micro-usb-1.2-meter-ca-6960-black
73,"MCDODO Adapter 3 in 1 USB Type C to AUX 3.5mm + USB Type C - CA546 - B",-,"in stock",new,67000,https://www.tokopedia.com/hifebriansyah/mcdodo-adapter-3-in-1-usb-type-c-to-aux-3-5mm-usb-type-c-ca546-b,https://images.tokopedia.net/img/cache/500-square/VqbcmM/2021/11/4/5a06ea70-0e3b-4ec3-9d80-e8046f966491.jpg?ect=4g,mcdodo-adapter-3-in-1-usb-type-c-to-aux-3.5mm-usb-type-c-black
74,"MCDODO TWS Earphone Wireless Bluetooth V5.1 Intelligent Touch Control",-,"in stock",new,248000,https://www.tokopedia.com/hifebriansyah/mcdodo-tws-earphone-wireless-bluetooth-v5-1-intelligent-touch-control,https://images.tokopedia.net/img/cache/500-square/VqbcmM/2021/11/4/1cca2004-33f3-4495-8723-e1004bbaf9b3.jpg?ect=4g,mcdodo-tws-earphone-wireless-bluetooth-v5.1-intelligent-touch-control-wireless-hp530-white
75,"MCDODO Kabel Charger Lightning Fast Charging Auto Disconnect 3A 1.8 Me",-,"in stock",new,69000,https://www.tokopedia.com/hifebriansyah/mcdodo-kabel-charger-lightning-fast-charging-auto-disconnect-3a-1-8-me,https://images.tokopedia.net/img/cache/500-square/VqbcmM/2021/11/4/20dccab4-ccc0-4a28-a0be-729298581acd.jpg?ect=4g,mcdodo-kabel-charger-lightning-fast-charging-auto-disconnect-3a-1.8-meter-ca-7411-black
76,"MCDODO Kabel Charger Lightning Fast Charging Auto Disconnect 1.2 Meter",-,"in stock",new,78000,https://www.tokopedia.com/hifebriansyah/mcdodo-kabel-charger-lightning-fast-charging-auto-disconnect-1-2-meter,https://images.tokopedia.net/img/cache/500-square/VqbcmM/2021/11/4/12613724-415b-41ab-86ee-fad29c248777.jpg?ect=4g,mcdodo-kabel-charger-lightning-fast-charging-auto-disconnect-1.2-meter-ca-4600-black
77,"MCDODO Kabel Charger Lightning Braided L Shape 3A 1.2 Meter - CA-7510",-,"in stock",new,49000,https://www.tokopedia.com/hifebriansyah/mcdodo-kabel-charger-lightning-braided-l-shape-3a-1-2-meter-ca-7510,https://images.tokopedia.net/img/cache/500-square/VqbcmM/2021/11/4/8ee1dcfb-5f1b-49a6-93cc-f1ec208ea7b6.jpg?ect=4g,mcdodo-kabel-charger-lightning-braided-l-shape-3a-1.2-meter-ca-7510-black
78,"MCDODO Kabel Charger Lightning Braided L Shape 1.2 Meter - CA-4671 - B",-,"in stock",new,46000,https://www.tokopedia.com/hifebriansyah/mcdodo-kabel-charger-lightning-braided-l-shape-1-2-meter-ca-4671-b,https://images.tokopedia.net/img/cache/500-square/VqbcmM/2021/11/4/396e26eb-bbc3-4109-89e7-f6963a000263.jpg?ect=4g,mcdodo-kabel-charger-lightning-braided-l-shape-1.2-meter-ca-4671-black
79,"Jakemy 106 in 1 Obeng Set Portable DIY High-End Screwdriver Tool Set -",-,"in stock",new,179000,https://www.tokopedia.com/hifebriansyah/jakemy-106-in-1-obeng-set-portable-diy-high-end-screwdriver-tool-set,https://images.tokopedia.net/img/cache/500-square/VqbcmM/2021/11/4/89e214ca-dbc0-4130-9948-4e8e93e1b68f.jpg?ect=4g,jakemy-106-in-1-obeng-set-portable-diy-high-end-screwdriver-tool-set-jm-8177
80,"Jakemy Multifunction Opening Ultra Thin Power Tools Kit - JM-OP15",-,"in stock",new,47000,https://www.tokopedia.com/hifebriansyah/jakemy-multifunction-opening-ultra-thin-power-tools-kit-jm-op15,https://images.tokopedia.net/img/cache/500-square/VqbcmM/2021/11/3/26ec29c9-7010-4d24-9b62-23e846827f09.jpg?ect=4g,jakemy-multifunction-opening-ultra-thin-power-tools-kit-jm-op15
81,"Jakemy 6 in 1 Professional Repair Tools Screwdriver Kit",-,"in stock",new,41000,https://www.tokopedia.com/hifebriansyah/jakemy-6-in-1-professional-repair-tools-screwdriver-kit,https://images.tokopedia.net/img/cache/500-square/VqbcmM/2021/11/3/35361a50-35ca-4785-8b6e-7e5753a9bb10.jpg?ect=4g,jakemy-6-in-1-professional-repair-tools-screwdriver-kit-for-apple-iphone-or-ipad-jm-i84
82,"Jakemy Anti-Static Fiber Opening Tools - JM-OP11",-,"in stock",new,27000,https://www.tokopedia.com/hifebriansyah/jakemy-anti-static-fiber-opening-tools-jm-op11,https://images.tokopedia.net/img/cache/500-square/VqbcmM/2021/11/3/709fde21-5b8a-4354-a2c1-4f12a445eab3.jpg?ect=4g,jakemy-anti-static-fiber-opening-tools-jm-op11
83,"Powerful Suction Cup Set Screen Removing Tool 3 PCS JM/SK04 (Jakemy)",-,"in stock",new,24000,https://www.tokopedia.com/hifebriansyah/powerful-suction-cup-set-screen-removing-tool-3-pcs-jm-sk04-jakemy,https://images.tokopedia.net/img/cache/500-square/VqbcmM/2021/11/3/8d534910-1851-4e0e-b3ce-ce96ff40f1f6.jpg?ect=4g,jakemy-powerful-suction-cup-set-screen-removing-tool-3pcs-jm-sk04
84,"Jakemy 49 in 1 Obeng Set Premium Smartphone Pro Tech Driver Kit - JM-8",-,"in stock",new,152000,https://www.tokopedia.com/hifebriansyah/jakemy-49-in-1-obeng-set-premium-smartphone-pro-tech-driver-kit-jm-8,https://images.tokopedia.net/img/cache/500-square/VqbcmM/2021/11/3/aefe4313-f9e5-42ec-aa1b-d050237c4032.jpg?ect=4g,jakemy-49-in-1-obeng-set-premium-smartphone-pro-tech-driver-kit-jm-8169-black
85,"Jakemy Powerful Suction Bracket Alat Pembuka Layar Smartphone - JM-SK0",-,"in stock",new,35000,https://www.tokopedia.com/hifebriansyah/jakemy-powerful-suction-bracket-alat-pembuka-layar-smartphone-jm-sk0,https://images.tokopedia.net/img/cache/500-square/VqbcmM/2021/11/3/76c0e905-6a59-4891-b93b-26ba47c11b8f.jpg?ect=4g,jakemy-powerful-suction-bracket-jm-sk05-black-or-orange
86,"Jakemy Powerful Suction Cup Set Screen Removing Tool 3 PCS - JM-SK04",-,"in stock",new,24000,https://www.tokopedia.com/hifebriansyah/jakemy-powerful-suction-cup-set-screen-removing-tool-3-pcs-jm-sk04,https://images.tokopedia.net/img/cache/500-square/VqbcmM/2021/11/3/5ba328fe-35f8-44b2-bdd6-ac1f84f16869.jpg?ect=4g,jakemy-powerful-suction-cup-set-screen-removing-tool-3pcs-jm-sk04
87,"Jakemy High Anti Static Tweezers Suit 3 PCS - JM-T11",-,"in stock",new,23000,https://www.tokopedia.com/hifebriansyah/jakemy-high-anti-static-tweezers-suit-3-pcs-jm-t11,https://images.tokopedia.net/img/cache/500-square/VqbcmM/2021/11/3/d14a0cc8-3f76-40eb-9cae-53fdaa95ce43.jpg?ect=4g,jakemy-high-anti-static-tweezers-suit-3-pcs-jm-t11
88,"Jakemy 53 in 1 Precision Screwdriver Repair Tool Kit - JM-8127",-,"in stock",new,108000,https://www.tokopedia.com/hifebriansyah/jakemy-53-in-1-precision-screwdriver-repair-tool-kit-jm-8127,https://images.tokopedia.net/img/cache/500-square/VqbcmM/2021/11/3/14caa52b-37bb-43e5-bb14-d10a2b986cbf.jpg?ect=4g,jakemy-53-in-1-precision-screwdriver-set-hardware-tool-jm-8127
89,"Jakemy Magnetizer / Demagnetizer for Screw Hex Wrench - JM-X2",-,"in stock",new,25000,https://www.tokopedia.com/hifebriansyah/jakemy-magnetizer-demagnetizer-for-screw-hex-wrench-jm-x2,https://images.tokopedia.net/img/cache/500-square/VqbcmM/2021/11/3/97169264-16fe-4c59-aa18-a71a11bca8a1.jpg?ect=4g,jakemy-magnetizer-or-demagnetizer-for-screws-hex-wrench-jm-x2
90,"Jakemy High Quality Thermal Grease - JM-SW-02",-,"in stock",new,41000,https://www.tokopedia.com/hifebriansyah/jakemy-high-quality-thermal-grease-jm-sw-02,https://images.tokopedia.net/img/cache/500-square/VqbcmM/2021/11/3/8c9fa586-bf2e-4dea-8226-c29da1749ccc.jpg?ect=4g,jakemy-high-quality-thermal-grease-jm-sw-02
91,"Jakemy 33 in 1 Computer Repair Screwdriver Set - JM-8111",-,"in stock",new,47000,https://www.tokopedia.com/hifebriansyah/jakemy-33-in-1-computer-repair-screwdriver-set-jm-8111,https://images.tokopedia.net/img/cache/500-square/VqbcmM/2021/11/2/f0fb0999-1249-4f15-8a99-940a7fe4e714.jpg?ect=4g,jakemy-33-in-1-computer-repair-screwdriver-set-jm-8111
92,"Jakemy 54 in 1 High Grade Screwdriver Set - JM-8150",-,"in stock",new,99000,https://www.tokopedia.com/hifebriansyah/jakemy-54-in-1-high-grade-screwdriver-set-jm-8150,https://images.tokopedia.net/img/cache/500-square/VqbcmM/2021/11/2/9fbd2f93-bc4f-4272-adca-42c9c4757b3f.jpg?ect=4g,jakemy-54-in-1-high-grade-screwdriver-set-jm-8150
93,"Jakemy Liquid Alcohol Plastic Dispenser Bottle 120ml - JM-Z10 - White",-,"in stock",new,28000,https://www.tokopedia.com/hifebriansyah/jakemy-liquid-alcohol-plastic-dispenser-bottle-120ml-jm-z10-white,https://images.tokopedia.net/img/cache/500-square/VqbcmM/2021/11/2/88a77a5e-9309-4e76-9e95-36fd44eab22e.jpg?ect=4g,jakemy-liquid-alcohol-plastic-dispenser-bottle-120ml-jm-z10-white
94,"Bluetooth Headphone Headset W600BT Gray [Edifier]",-,"in stock",new,342000,https://www.tokopedia.com/hifebriansyah/bluetooth-headphone-headset-w600bt-gray-edifier,https://images.tokopedia.net/img/cache/500-square/VqbcmM/2021/11/1/18b349c4-9960-4a6f-9c02-eff6096c6af4.jpg?ect=4g,edifier-bluetooth-headphone-headset-w600bt-gray
95,"Edifier Low Latency Bluetooth Gaming Headphone Headset - G33BT - Black",-,"in stock",new,636000,https://www.tokopedia.com/hifebriansyah/edifier-low-latency-bluetooth-gaming-headphone-headset-g33bt-black,https://images.tokopedia.net/img/cache/500-square/VqbcmM/2021/11/1/eb61020f-fee4-45db-bb63-85f809ef9fa2.jpg?ect=4g,edifier-low-latency-bluetooth-gaming-headphone-headset-g33bt-black
96,"Edifier Headphone Monitoring Fully Enclosed Noise Isolating - H840 - B",-,"in stock",new,283000,https://www.tokopedia.com/hifebriansyah/edifier-headphone-monitoring-fully-enclosed-noise-isolating-h840-b,https://images.tokopedia.net/img/cache/500-square/VqbcmM/2021/11/2/2178ae27-b281-4112-b844-30fe59e78f9a.jpg?ect=4g,edifier-headphone-fully-enclosed-noise-isolating-h840-black
97,"Edifier HACATE GS-02 USB Sound Card External 7.1 Audio Microphone",-,"in stock",new,136000,https://www.tokopedia.com/hifebriansyah/edifier-hacate-gs-02-usb-sound-card-external-7-1-audio-microphone,https://images.tokopedia.net/img/cache/500-square/VqbcmM/2021/11/1/81cf722a-47bd-40f1-890a-bd4afc17d077.jpg?ect=4g,edifier-hacate-usb-sound-card-external-7.1-channel-audio-microphone-3.5mm-gs02-black
98,"Edifier HACATE USB Sound Card External Audio Microphone 3.5mm - GS01",-,"in stock",new,97000,https://www.tokopedia.com/hifebriansyah/edifier-hacate-usb-sound-card-external-audio-microphone-3-5mm-gs01,https://images.tokopedia.net/img/cache/500-square/VqbcmM/2021/11/1/680f67aa-e204-4b81-9108-fb47cc3e39e6.jpg?ect=4g,edifier-hacate-usb-sound-card-external-audio-microphone-3.5mm-gs01-black
99,"Edifier Bluetooth Headphone Headset Active Noise Cancelling - W860NB",-,"in stock",new,1606000,https://www.tokopedia.com/hifebriansyah/edifier-bluetooth-headphone-headset-active-noise-cancelling-w860nb,https://images.tokopedia.net/img/cache/500-square/VqbcmM/2021/11/1/ac5fe98a-fc4f-458a-97dd-967b43bc1c33.jpg?ect=4g,edifier-bluetooth-headphone-headset-active-noise-cancelling-w860nb-black
100,"Edifier Gaming Headphone Headset G1 Black",-,"in stock",new,317000,https://www.tokopedia.com/hifebriansyah/edifier-gaming-headphone-headset-g1-black,https://images.tokopedia.net/img/cache/500-square/VqbcmM/2021/11/1/198adcf8-3184-4b36-abe3-54ac5597f088.jpg?ect=4g,...
101,"Edifier Gaming Headphone Headset - G4 - Red",-,"in stock",new,601000,https://www.tokopedia.com/hifebriansyah/edifier-gaming-headphone-headset-g4-red,https://images.tokopedia.net/img/cache/500-square/VqbcmM/2021/11/1/7f0542a4-0eef-4fc8-9b57-52d69a5b7042.jpg?ect=4g,...
102,"Edifier Gaming Headphone Headset - G4 - Green",-,"in stock",new,601000,https://www.tokopedia.com/hifebriansyah/edifier-gaming-headphone-headset-g4-green,https://images.tokopedia.net/img/cache/500-square/VqbcmM/2021/11/1/fa015350-8e76-4e10-b520-63145b40feb7.jpg?ect=4g,...
103,"edifier HACATE True Wireless Gaming Earbuds - GM4 Mini 1 - Black",-,"in stock",new,479000,https://www.tokopedia.com/hifebriansyah/edifier-hacate-true-wireless-gaming-earbuds-gm4-mini-1-black,https://images.tokopedia.net/img/cache/500-square/VqbcmM/2021/11/1/0da4b63c-b8de-4a61-9f3d-55367044af48.jpg?ect=4g,...
104,"Edifier Headphone Monitoring Fully Enclosed Noise Isolating H840",-,"in stock",new,283000,https://www.tokopedia.com/hifebriansyah/edifier-headphone-monitoring-fully-enclosed-noise-isolating-h840,https://images.tokopedia.net/img/cache/500-square/VqbcmM/2021/11/1/d771bb49-5566-4583-bdf7-e79d4d90edd9.jpg?ect=4g,edifier-headphone-fully-enclosed-noise-isolating-h840-black
105,"True Wireless Gaming Earbuds GM4 - Black (edifier hecate)",-,"in stock",new,469000,https://www.tokopedia.com/hifebriansyah/true-wireless-gaming-earbuds-gm4-black-edifier-hecate,https://images.tokopedia.net/img/cache/500-square/VqbcmM/2021/11/1/42f88965-0ce3-4091-9cff-967bd2365ac6.jpg?ect=4g,edifier-true-wireless-gaming-earbuds-gm4-black
106,"Edifier True Wireless Gaming Earbuds - GM5 - Gray",-,"in stock",new,645000,https://www.tokopedia.com/hifebriansyah/edifier-true-wireless-gaming-earbuds-gm5-gray,https://images.tokopedia.net/img/cache/500-square/VqbcmM/2021/11/13/c4abbaaf-ad33-4a36-8e58-72aa7222220f.jpg?ect=4g,...
107,"Edifier Passive 2.0 Bookshelf Speaker Set - P12 - Brown",-,"in stock",new,770000,https://www.tokopedia.com/hifebriansyah/edifier-passive-2-0-bookshelf-speaker-set-p12-brown,https://images.tokopedia.net/img/cache/500-square/VqbcmM/2021/11/6/c02d027a-221d-4f3a-bc6a-eac4e2026762.jpg?ect=4g,edifier-passive-2.0-bookshelf-speaker-set-p12-brown
108,"APEXEL 6 in 1 Lensa Fisheye + Macro 25x + Wide Angle + CPL+ Star Filte",-,"in stock",new,202000,https://www.tokopedia.com/hifebriansyah/apexel-6-in-1-lensa-fisheye-macro-25x-wide-angle-cpl-star-filte,https://images.tokopedia.net/img/cache/500-square/VqbcmM/2021/10/31/2205de94-bad1-4ba1-8d44-3b9c980fd9b8.jpg?ect=4g,apexel-6-in-1-lensa-fisheye-macro-25x-wide-angle-cpl-star-filter-nd32-lens-kit-apl-dg6v2-black
109,"APEXEL 10 in 1 Lensa Smartphone Fisheye Macro Wide Telephoto Filter",-,"in stock",new,219000,https://www.tokopedia.com/hifebriansyah/apexel-10-in-1-lensa-smartphone-fisheye-macro-wide-telephoto-filter,https://images.tokopedia.net/img/cache/500-square/VqbcmM/2021/10/31/2115e8a2-cba8-4fac-9aff-376aecbc8bb6.jpg?ect=4g,apexel-10-in-1-lensa-smartphone-fisheye-macro-wide-telephoto-filter-apl-10xdg9-black
110,"APEXEL Detachable Extendable Flexible Tripod 360 Rotation 1/4 Screw",-,"in stock",new,238000,https://www.tokopedia.com/hifebriansyah/apexel-detachable-extendable-flexible-tripod-360-rotation-1-4-screw,https://images.tokopedia.net/img/cache/500-square/VqbcmM/2021/10/31/1ea24bf2-32f3-4a8d-b408-9f78fe3f061e.jpg?ect=4g,apexel-detachable-extendable-flexible-tripod-360-rotation-1-or-4-screw-apl-jj09-black
111,"APEXEL Mini Tripod Aluminium Alloy with 1/4 Universal Smartphone Clip",-,"in stock",new,139000,https://www.tokopedia.com/hifebriansyah/apexel-mini-tripod-aluminium-alloy-with-1-4-universal-smartphone-clip,https://images.tokopedia.net/img/cache/500-square/VqbcmM/2021/10/31/90b833d9-881c-4cea-b82f-8ae24cb54879.jpg?ect=4g,apexel-mini-tripod-alumunium-alloy-abs-1-or-4-screw-phone-apl-jj06-black
112,"APEXEL Tripod Octopus Flexible with 1/4 Screw Phone Holder - APL-JJ10",-,"in stock",new,145000,https://www.tokopedia.com/hifebriansyah/apexel-tripod-octopus-flexible-with-1-4-screw-phone-holder-apl-jj10,https://images.tokopedia.net/img/cache/500-square/VqbcmM/2021/10/31/e60c97b9-9153-4c6c-9d2a-1b7a56f86f36.jpg?ect=4g,apexel-tripod-octopus-flexible-with-1-or-4-screw-phone-holder-apl-jj10-black
113,"APEXEL 7 in 1 Lensa Fisheye + Macro 15x + Wide Angle + Telephoto + CPL",-,"in stock",new,182000,https://www.tokopedia.com/hifebriansyah/apexel-7-in-1-lensa-fisheye-macro-15x-wide-angle-telephoto-cpl,https://images.tokopedia.net/img/cache/500-square/VqbcmM/2021/10/31/66063d03-d3e5-41e5-b566-10b714965340.jpg?ect=4g,apexel-7-in-1-lensa-fisheye-macro-15x-wide-angle-telephoto-cpl-kaleidoscope-lens-kit-apl-dg7-black
114,"Cypruz Marble Cookware Set 4 Pcs Bonus 2 Pcs Utensils",-,"in stock",new,850000,https://www.tokopedia.com/hifebriansyah/cypruz-marble-cookware-set-4-pcs-bonus-2-pcs-utensils,https://images.tokopedia.net/img/cache/500-square/VqbcmM/2021/10/30/5b8922ba-fe73-450a-8b75-fe959c0d5c88.jpg?ect=4g,13468cb0-0190-11ec-8ee3-95bfc27ccf93
115,"Pengharum Kopi Bali Goni Size L 50 Gr",-,"in stock",new,17000,https://www.tokopedia.com/hifebriansyah/pengharum-kopi-bali-goni-size-l-50-gr,https://images.tokopedia.net/img/cache/500-square/VqbcmM/2021/11/7/ab9723e3-8ed1-410d-8cbb-afa76d4d212c.jpg?ect=4g,...
116,"Pajangan Meja Pendulum Newton Model Oil Tanker Perpetual Debate - B101",-,"in stock",new,68000,https://www.tokopedia.com/hifebriansyah/pajangan-meja-pendulum-newton-model-oil-tanker-perpetual-debate-b101,https://images.tokopedia.net/img/cache/500-square/VqbcmM/2021/10/30/b160b61b-18f1-460e-b202-17d8853a8a1f.jpg?ect=4g,pajangan-meja-pendulum-newton-model-oil-tanker-perpetual-debate-b101-black
117,"Balance Ball Pajangan Meja Pendulum Newton Model T Size S - LX013 - Br",-,"in stock",new,20000,https://www.tokopedia.com/hifebriansyah/balance-ball-pajangan-meja-pendulum-newton-model-t-size-s-lx013-br,https://images.tokopedia.net/img/cache/500-square/VqbcmM/2021/10/30/b9f1c491-e3c6-4644-bf9e-8c69ec2cddb2.jpg?ect=4g,pajangan-meja-pendulum-newton-model-t-size-s-lx013-brown
118,"Balance Ball Pajangan Meja Pendulum Newton Model Arched - ZY02 - Brown",-,"in stock",new,27000,https://www.tokopedia.com/hifebriansyah/balance-ball-pajangan-meja-pendulum-newton-model-arched-zy02-brown,https://images.tokopedia.net/img/cache/500-square/VqbcmM/2021/10/30/2d305085-01c8-4374-bf6e-361a2075bbb1.jpg?ect=4g,balance-ball-pajangan-meja-pendulum-newton-model-arched-zy02-brown
119,"Pajangan Meja Pendulum Newton Model T Size L - LX013 - Brown",-,"in stock",new,48000,https://www.tokopedia.com/hifebriansyah/pajangan-meja-pendulum-newton-model-t-size-l-lx013-brown,https://images.tokopedia.net/img/cache/500-square/VqbcmM/2021/10/30/fe06d7fd-08f6-4a01-9581-ebe018e6b738.jpg?ect=4g,pajangan-meja-pendulum-newton-model-t-size-l-lx013-brown
120,"Pajangan Meja Pendulum Newton Size S - H50S - Brown",-,"in stock",new,18999,https://www.tokopedia.com/hifebriansyah/pajangan-meja-pendulum-newton-size-s-h50s-brown,https://images.tokopedia.net/img/cache/500-square/VqbcmM/2021/10/30/ff06aaa1-81f4-4c71-bcb0-c9780b583a45.jpg?ect=4g,pajangan-meja-pendulum-newton-size-s-h50s-brown
121,"APEXEL Lensa Tele Zoom HD 40X60 Moncular untuk Smartphone - APS-40X60D",-,"in stock",new,169000,https://www.tokopedia.com/hifebriansyah/apexel-lensa-tele-zoom-hd-40x60-moncular-untuk-smartphone-aps-40x60d,https://images.tokopedia.net/img/cache/500-square/VqbcmM/2021/10/29/1fa64571-1572-4455-a9ad-f6d7b34cf05f.jpg?ect=4g,apexel-lensa-tele-zoom-hd-40x60-moncular-untuk-smartphone-aps-40x60dt-black
122,"TaffSTUDIO Zenith Case Earphone EVA - B001 - Black or Red",-,"in stock",new,12000,https://www.tokopedia.com/hifebriansyah/taffstudio-zenith-case-earphone-eva-b001-black-or-red,https://images.tokopedia.net/img/cache/500-square/VqbcmM/2021/10/28/bea1ab5d-8748-401a-842f-3d4f17c1fc26.jpg?ect=4g,taffstudio-zenith-case-earphone-eva-b001-black-or-red
123,"APEXEL 3 in 1 Lensa Fisheye + Macro 15x + Wide Angle Lens Kit",-,"in stock",new,80000,https://www.tokopedia.com/hifebriansyah/apexel-3-in-1-lensa-fisheye-macro-15x-wide-angle-lens-kit,https://images.tokopedia.net/img/cache/500-square/VqbcmM/2021/10/28/97130285-b67c-4e6e-8ceb-aea8371cc062.jpg?ect=4g,apexel-3-in-1-lensa-fisheye-macro-15x-wide-angle-lens-kit-apl-g3h-black
124,"APEXEL Lensa Tele Zoom HD 8-24X30 Moncular untuk Smartphone",-,"in stock",new,268000,https://www.tokopedia.com/hifebriansyah/apexel-lensa-tele-zoom-hd-8-24x30-moncular-untuk-smartphone,https://images.tokopedia.net/img/cache/500-square/VqbcmM/2021/10/28/2a53de4e-9239-4e65-912b-9d3f143940a1.jpg?ect=4g,apexel-lensa-tele-zoom-hd-8-24x30-moncular-untuk-smartphone-aps-8-24x30dt-black
125,"APEXEL Lensa Kamera Smartphone Wide Angle Screen Anamorphic 1.33X",-,"in stock",new,373000,https://www.tokopedia.com/hifebriansyah/apexel-lensa-kamera-smartphone-wide-angle-screen-anamorphic-1-33x,https://images.tokopedia.net/img/cache/500-square/VqbcmM/2021/10/28/310549bd-e006-467a-9a00-9eedde9077df.jpg?ect=4g,apexel-lensa-kamera-smartphone-wide-angle-screen-anamorphic-1.33x-apl-hbhdan-black
126,"APEXEL U-Rig Smartphone Clamp Handheld Rig Stabilizer - APL-VG02 Black",-,"in stock",new,227000,https://www.tokopedia.com/hifebriansyah/apexel-u-rig-smartphone-clamp-handheld-rig-stabilizer-apl-vg02-black,https://images.tokopedia.net/img/cache/500-square/VqbcmM/2021/10/28/4286af33-c8e1-451d-b8ba-49d168f346da.jpg?ect=4g,...
127,"APEXEL 2 in 1 Lensa Telephoto 18X + Tripod Mini - APL-T18ZJ - Black",-,"in stock",new,157000,https://www.tokopedia.com/hifebriansyah/apexel-2-in-1-lensa-telephoto-18x-tripod-mini-apl-t18zj-black,https://images.tokopedia.net/img/cache/500-square/VqbcmM/2021/10/28/0d59461a-d5df-4f9a-957a-2d94468ccd3e.jpg?ect=4g,...
128,"APEXEL 4 in 1 Lensa Fisheye + Macro + Wide Angle + Telephoto Lens Kit",-,"in stock",new,255000,https://www.tokopedia.com/hifebriansyah/apexel-4-in-1-lensa-fisheye-macro-wide-angle-telephoto-lens-kit,https://images.tokopedia.net/img/cache/500-square/VqbcmM/2021/10/28/bd65ff69-bee7-4452-a3f4-d045cc3cdb3a.jpg?ect=4g,apexel-4-in-1-lensa-fisheye-macro-wide-angle-telephoto-lens-kit-switchpod-mini-tripod-apl-t16xjj04-black
129,"APEXEL Teropong Golf Jarak Laser Rangefinder 1200M 6X - APL-LRM1200GY",-,"in stock",new,1475900,https://www.tokopedia.com/hifebriansyah/apexel-teropong-golf-jarak-laser-rangefinder-1200m-6x-apl-lrm1200gy,https://images.tokopedia.net/img/cache/500-square/VqbcmM/2021/11/6/78177993-fcce-4951-b93d-11671be224b8.jpg?ect=4g,apexel-teropong-golf-jarak-laser-rangefinder-1200m-6x-apl-lrm1200gy-gray
130,"APEXEL 5 in 1 Lensa CPL Fisheye Macro Telephoto Wide Angle Lens",-,"in stock",new,114000,https://www.tokopedia.com/hifebriansyah/apexel-5-in-1-lensa-cpl-fisheye-macro-telephoto-wide-angle-lens,https://images.tokopedia.net/img/cache/500-square/VqbcmM/2021/10/28/2f14f24f-8671-4e31-bfcd-0f1dbc813232.jpg?ect=4g,apexel-5-in-1-lensa-cpl-fisheye-macro-telephoto-wide-angle-lens-apl-dg5h-black
131,"APEXEL Night Vision Binocular Teropong/Video Recorder 1080P/APL-NV001",-,"in stock",new,1500000,https://www.tokopedia.com/hifebriansyah/apexel-night-vision-binocular-teropong-video-recorder-1080p-apl-nv001,https://images.tokopedia.net/img/cache/500-square/VqbcmM/2021/10/28/79bdcc60-9cba-49d0-8ddf-5a3eefa341b9.jpg?ect=4g,apexel-night-vision-binocular-teropong-video-recorder-1080p-apl-nv01-black
132,"Pengharum ruangan / mobil botol apel 10ml",-,"in stock",new,17000,https://www.tokopedia.com/hifebriansyah/pengharum-ruangan-mobil-botol-apel-10ml-fresh-baby,https://images.tokopedia.net/img/cache/500-square/VqbcmM/2021/11/7/727fd77b-66da-40c0-9d79-36dc7b8f2753.jpg?ect=4g,...
133,"KZ Adapter Cable Bluetooth 5.0 aptXHD Module Pin C for Earphone KZ-ZSN",-,"in stock",new,331000,https://www.tokopedia.com/hifebriansyah/kz-adapter-cable-bluetooth-5-0-aptxhd-module-pin-c-for-earphone-kz-zsn,https://images.tokopedia.net/img/cache/500-square/VqbcmM/2021/11/6/4fa019ac-820b-4b93-9818-176a0c622fef.jpg?ect=4g,kz-adapter-cable-bluetooth-5.0-aptx-module-pin-c-for-earphone-kz-zsn-as16-zs10-pro
134,"KZ Kotak Penyimpanan Earphone Case Serbaguna - ZST - Black",-,"in stock",new,22000,https://www.tokopedia.com/hifebriansyah/kz-kotak-penyimpanan-earphone-case-serbaguna-zst-black,https://images.tokopedia.net/img/cache/500-square/VqbcmM/2021/11/6/8169183b-ea80-4456-9af6-51bfc8a3c188.jpg?ect=4g,kz-kotak-penyimpanan-earphone-case-serbaguna-zst-black
135,"QKZ Dual Driver Earphone HiFi Dengan Mic - QKZ-CK9 - Black",-,"in stock",new,68000,https://www.tokopedia.com/hifebriansyah/qkz-dual-driver-earphone-hifi-dengan-mic-qkz-ck9-black,https://images.tokopedia.net/img/cache/500-square/VqbcmM/2021/10/26/1136dcff-d67a-4754-b4ba-546b49156288.jpg?ect=4g,qkz-dual-driver-earphone-hifi-dengan-mic-qkz-ck9-black
136,"QKZ HiFi Earphone Bass Dynamic Driver with Mic - QKZ-AK6 - Black",-,"in stock",new,45000,https://www.tokopedia.com/hifebriansyah/qkz-hifi-earphone-bass-dynamic-driver-with-mic-qkz-ak6-black,https://images.tokopedia.net/img/cache/500-square/VqbcmM/2021/10/26/b6c54a8f-fb29-40d3-9ffe-4a3a230a651c.jpg?ect=4g,qkz-hifi-earphone-bass-dynamic-driver-with-mic-qkz-ak6-black
137,"QKZ Dual Driver Earphone HiFi Dengan Mic - QKZ-CK8 - Black",-,"in stock",new,38000,https://www.tokopedia.com/hifebriansyah/qkz-dual-driver-earphone-hifi-dengan-mic-qkz-ck8-black,https://images.tokopedia.net/img/cache/500-square/VqbcmM/2021/10/26/4335c83c-0b63-4f35-b86d-697e3a8ad24c.jpg?ect=4g,qkz-dual-driver-earphone-hifi-dengan-mic-qkz-ck8-black
138,"QKZ HiFi Earphone Bass Dynamic Driver with Mic - QKZ-DM10 - Black",-,"in stock",new,53000,https://www.tokopedia.com/hifebriansyah/qkz-hifi-earphone-bass-dynamic-driver-with-mic-qkz-dm10-black,https://images.tokopedia.net/img/cache/500-square/VqbcmM/2021/10/26/512c87a3-5af3-4679-9aa1-596074e4ebae.jpg?ect=4g,qkz-hifi-earphone-bass-dynamic-driver-with-mic-qkz-dm10-black
139,"QKZ Double Driver Earphone HiFi Dengan Mic - QKZ-KD4 - Black",-,"in stock",new,87000,https://www.tokopedia.com/hifebriansyah/qkz-double-driver-earphone-hifi-dengan-mic-qkz-kd4-black,https://images.tokopedia.net/img/cache/500-square/VqbcmM/2021/10/26/b3bf9efc-94fb-4a83-98aa-7db33f601730.jpg?ect=4g,qkz-double-driver-earphone-hifi-dengan-mic-qkz-kd4-black
140,"QKZ HiFi Earphone Mega Bass with Mic - QKZ-VK3 - Black",-,"in stock",new,64000,https://www.tokopedia.com/hifebriansyah/qkz-hifi-earphone-mega-bass-with-mic-qkz-vk3-black,https://images.tokopedia.net/img/cache/500-square/VqbcmM/2021/10/26/2e24e0cc-87ae-4877-8ba0-7838c9318a96.jpg?ect=4g,qkz-hifi-earphone-mega-bass-with-mic-qkz-vk3-black
141,"QKZ Earphone In-Ear Heavy Bass with Mic - QKZ-AK2 - Black",-,"in stock",new,37000,https://www.tokopedia.com/hifebriansyah/qkz-earphone-in-ear-heavy-bass-with-mic-qkz-ak2-black,https://images.tokopedia.net/img/cache/500-square/VqbcmM/2021/10/26/fcf68782-ce8c-4ae5-ac4b-3d8841e354e6.jpg?ect=4g,qkz-piston-earphone-kabel-heavy-bass-dengan-mic-qkz-ak2-black
142,"QKZ Stereo Bass In-Ear Earphones with Microphone - QKZ-DM7 - Black",-,"in stock",new,80000,https://www.tokopedia.com/hifebriansyah/qkz-stereo-bass-in-ear-earphones-with-microphone-qkz-dm7-black,https://images.tokopedia.net/img/cache/500-square/VqbcmM/2021/10/26/6b7afb99-4627-4f1e-bae6-0c183204a282.jpg?ect=4g,qkz-stereo-bass-in-ear-earphones-with-microphone-qkz-dm7-black
143,"QKZ Earphone HiFi Dengan Mic - QKZ-CK5 - Red",-,"in stock",new,40000,https://www.tokopedia.com/hifebriansyah/qkz-earphone-hifi-dengan-mic-qkz-ck5-red,https://images.tokopedia.net/img/cache/500-square/VqbcmM/2021/10/26/1fa3d8a9-67ca-48a1-b88b-f2c6b0f73ed2.jpg?ect=4g,qkz-earphone-hifi-dengan-mic-qkz-ck5-red
144,"QKZ Bass Metal Earphone with Mic - QKZ-DM9 - Silver",-,"in stock",new,73000,https://www.tokopedia.com/hifebriansyah/qkz-bass-metal-earphone-with-mic-qkz-dm9-silver,https://images.tokopedia.net/img/cache/500-square/VqbcmM/2021/10/26/f8478860-414b-4d60-8cab-b6f9cb818397.jpg?ect=4g,qkz-bass-metal-earphone-with-mic-qkz-dm9-silver
145,"QKZ Earphone HiFi Dengan Mic - QKZ-DT1 - Black",-,"in stock",new,46000,https://www.tokopedia.com/hifebriansyah/qkz-earphone-hifi-dengan-mic-qkz-dt1-black,https://images.tokopedia.net/img/cache/500-square/VqbcmM/2021/10/26/017ad5d8-745e-47e9-8526-4d4323bdce93.jpg?ect=4g,qkz-earphone-hifi-dengan-mic-qkz-dt1-black
146,"QKZ Earphone HiFi Dengan Mic - QKZ-CK5 - Blue",-,"in stock",new,40000,https://www.tokopedia.com/hifebriansyah/qkz-earphone-hifi-dengan-mic-qkz-ck5-blue,https://images.tokopedia.net/img/cache/500-square/VqbcmM/2021/10/26/3cbbb21b-c454-452f-ad3a-01fd89992a75.jpg?ect=4g,qkz-earphone-hifi-dengan-mic-qkz-ck5-blue
147,"Knowledge Zenith Kotak Penyimpanan Earphone EVA Case - AS10 - Black",-,"in stock",new,22000,https://www.tokopedia.com/hifebriansyah/knowledge-zenith-kotak-penyimpanan-earphone-eva-case-as10-black,https://images.tokopedia.net/img/cache/500-square/VqbcmM/2021/10/26/4d8ed837-8900-4c30-831d-e89d0fccb935.jpg?ect=4g,knowledge-zenith-kotak-penyimpanan-earphone-eva-case-as10-black
148,"Knowledge Zenith Earbuds Eartips Memory Foam 3 Size - Black",-,"in stock",new,27000,https://www.tokopedia.com/hifebriansyah/knowledge-zenith-earbuds-eartips-memory-foam-3-size-black,https://images.tokopedia.net/img/cache/500-square/VqbcmM/2021/10/26/4e0b9002-21c2-42a3-b488-fb99c73f25ff.jpg?ect=4g,knowledge-zenith-earbuds-eartips-memory-foam-3-size-black
149,"KZ-ZSA Knowledge Zenith Hybrid Driver Earphone HiFi DA + BA Dengan Mic",-,"in stock",new,244000,https://www.tokopedia.com/hifebriansyah/kz-zsa-knowledge-zenith-hybrid-driver-earphone-hifi-da-ba-dengan-mic,https://images.tokopedia.net/img/cache/500-square/VqbcmM/2021/11/6/8dca09b3-49d9-4451-bd03-5658e8e4b63b.jpg?ect=4g,knowledge-zenith-hybrid-driver-earphone-hifi-da-ba-dengan-mic-kz-zsa-black-or-red
150,"Knowledge Zenith Hybrid Driver Earphone Dengan Mic - KZ-ZST - Multi-Co",-,"in stock",new,112000,https://www.tokopedia.com/hifebriansyah/knowledge-zenith-hybrid-driver-earphone-dengan-mic-kz-zst-multi-co,https://images.tokopedia.net/img/cache/500-square/VqbcmM/2021/11/6/c01bbc20-2e3e-4562-9cb4-3f611832e1d9.jpg?ect=4g,knowledge-zenith-hybrid-driver-earphone-dengan-mic-kz-zst-multi-color
151,"Knowledge Zenith Hybrid Driver Earphone Dengan Mic - KZ-ZST - Black",-,"in stock",new,112000,https://www.tokopedia.com/hifebriansyah/knowledge-zenith-hybrid-driver-earphone-dengan-mic-kz-zst-black,https://images.tokopedia.net/img/cache/500-square/VqbcmM/2021/11/6/e797c600-ca6d-49fd-86cf-5562187f1554.jpg?ect=4g,knowledge-zenith-hybrid-driver-earphone-dengan-mic-kz-zst-black
152,"Knowledge Zenith Hybrid Earphone 1BA+1DD with Mic - KZ-ZSN - Black",-,"in stock",new,233000,https://www.tokopedia.com/hifebriansyah/knowledge-zenith-hybrid-earphone-1ba-1dd-with-mic-kz-zsn-black,https://images.tokopedia.net/img/cache/500-square/VqbcmM/2021/11/6/ac9edec9-0151-4bf4-8276-4fa29cfc8207.jpg?ect=4g,knowledge-zenith-hybrid-earphone-1ba1dd-with-mic-kz-zsn-black
153,"Knowledge Zenith Double Driver Earphone with Mic - KZ-ZSE - Black",-,"in stock",new,105000,https://www.tokopedia.com/hifebriansyah/knowledge-zenith-double-driver-earphone-with-mic-kz-zse-black,https://images.tokopedia.net/img/cache/500-square/VqbcmM/2021/11/6/683af67d-cf51-4b9e-ad80-ffd796d3f7e5.jpg?ect=4g,knowledge-zenith-double-driver-earphone-with-mic-kz-zse-black
154,"Knowledge Zenith Bass Monitoring Earphones - KZ-ED12 - Black",-,"in stock",new,129000,https://www.tokopedia.com/hifebriansyah/knowledge-zenith-bass-monitoring-earphones-kz-ed12-black,https://images.tokopedia.net/img/cache/500-square/VqbcmM/2021/11/6/114e7799-4f2f-41d9-8d13-b2f457b821dd.jpg?ect=4g,knowledge-zenith-bass-monitoring-earphones-kz-ed12-black
155,"Xiaomi Deerma Tangki Air Alat Pel Steam Cleaner Water Tank 230ml",-,"in stock",new,43000,https://www.tokopedia.com/hifebriansyah/xiaomi-deerma-tangki-air-alat-pel-steam-cleaner-water-tank-230ml,https://images.tokopedia.net/img/cache/500-square/VqbcmM/2021/10/17/5b1e56b5-ae8e-4af0-8f21-c09fd059bbdb.jpg?ect=4g,xiaomi-deerma-tangki-air-alat-pel-steam-cleaner-water-tank-230ml-dem-zq600-black
156,"Logitech Compact Stereo Speaker - Z120 - White",-,"in stock",new,175000,https://www.tokopedia.com/hifebriansyah/logitech-compact-stereo-speaker-z120-white,https://images.tokopedia.net/img/cache/500-square/VqbcmM/2021/10/17/0040ab2c-1cb0-4e3f-b90a-c16b688f4af3.jpg?ect=4g,logitech-stereo-speaker-z120-white
157,"Xiaomi Deerma Penghisap Debu Vacuum Cleaner Kasur Sofa",-,"in stock",new,510000,https://www.tokopedia.com/hifebriansyah/xiaomi-deerma-penghisap-debu-vacuum-cleaner-kasur-sofa,https://images.tokopedia.net/img/cache/500-square/VqbcmM/2021/11/7/a536e9fe-d33d-48b5-8b3f-dd278cd79344.jpg?ect=4g,xiaomi-penghisap-debu-vacuum-cleaner-kasur-sofa-tungau-ultraviolet-cm800-white
158,"Baseus Intelligent T3 Rechargeable Bluetooth Anti-lost Tracker - white",-,"in stock",new,200000,https://www.tokopedia.com/hifebriansyah/baseus-intelligent-t3-rechargeable-bluetooth-anti-lost-tracker-white,https://images.tokopedia.net/img/cache/500-square/VqbcmM/2021/11/3/757250ed-2255-453a-ba39-3e2eb64d4e9f.jpg?ect=4g,baseus-intelligent-t3-rechargeable-bluetooth-anti-lost-tracker-zlfdqt3-02-white
159,"Edifier HECATE True Wireless Gaming Earbuds - GM4 - Black",-,"in stock",new,479000,https://www.tokopedia.com/hifebriansyah/edifier-hecate-true-wireless-gaming-earbuds-gm4-black,https://images.tokopedia.net/img/cache/500-square/VqbcmM/2021/10/17/61dcae5e-f7b3-4274-a2f3-296092cd3e3b.jpg?ect=4g,edifier-true-wireless-gaming-earbuds-gm4-black
160,"Edifier Bluetooth Headphone Headset - W800BT Plus - Black",-,"in stock",new,455000,https://www.tokopedia.com/hifebriansyah/edifier-bluetooth-headphone-headset-w800bt-plus-black,https://images.tokopedia.net/img/cache/500-square/VqbcmM/2021/10/15/9778af2a-7b22-49fe-b3f9-ca69336cb923.jpg?ect=4g,edifier-bluetooth-headphone-headset-w800bt-plus-black
161,"Edifier Bluetooth Headphone Headset - W600BT - Gray",-,"in stock",new,341900,https://www.tokopedia.com/hifebriansyah/edifier-bluetooth-headphone-headset-w600bt-gray,https://images.tokopedia.net/img/cache/500-square/VqbcmM/2021/10/15/5256ff95-6ac0-4f17-a564-41c34d04ae99.jpg?ect=4g,edifier-bluetooth-headphone-headset-w600bt-gray
162,"TaffSTUDIO Stabilizer Steadycam for Smartphone Action Camera GoPro/S30",-,"in stock",new,221000,https://www.tokopedia.com/hifebriansyah/taffstudio-stabilizer-steadycam-for-smartphone-action-camera-gopro-s30,https://images.tokopedia.net/img/cache/500-square/VqbcmM/2021/10/14/861a5865-cece-4261-9ec5-19684222137b.jpg?ect=4g,taffstudio-stabilizer-steadycam-for-smartphone-action-camera-gopro-s30-black
163,"One Two Cups Gelas Insulasi Car Kettle Stainless Steel dengan Pemanas",-,"in stock",new,41700,https://www.tokopedia.com/hifebriansyah/one-two-cups-gelas-insulasi-car-kettle-stainless-steel-dengan-pemanas,https://images.tokopedia.net/img/cache/500-square/VqbcmM/2021/10/14/9b3e0ae5-cc52-4aac-8717-606442653560.jpg?ect=4g,one-two-cups-gelas-insulasi-car-kettle-stainless-steel-dengan-pemanas-12v-450ml-nj88-silver
164,"APEXEL Smartphone VideoRig Clamp Handheld RigStabilizer/APL-VG01/Black",-,"in stock",new,209400,https://www.tokopedia.com/hifebriansyah/apexel-smartphone-videorig-clamp-handheld-rigstabilizer-apl-vg01-black,https://images.tokopedia.net/img/cache/500-square/VqbcmM/2021/10/12/9f70df38-6bb3-43ed-a3b9-100cbe18e8ac.jpg?ect=4g,...
165,"Broadream Quadcopter Drone Mini Pocket Foldable - S9 - White",-,"in stock",new,220400,https://www.tokopedia.com/hifebriansyah/broadream-quadcopter-drone-mini-pocket-foldable-s9-white,https://images.tokopedia.net/img/cache/500-square/VqbcmM/2021/10/11/d7d0f63c-a016-4595-9b3e-5ad1aee0b808.jpg?ect=4g,...
166,"OLEVO Gaming Mouse Pad XL Desk Mat 800 x 300 mm - RO42",-,"in stock",new,25600,https://www.tokopedia.com/hifebriansyah/olevo-gaming-mouse-pad-xl-desk-mat-800-x-300-mm-ro42,https://images.tokopedia.net/img/cache/500-square/VqbcmM/2021/10/7/3c7a7cf4-9637-4435-b76f-e46a76c44c2d.jpg?ect=4g,...
167,"SLOZZ Capo Gitar Aluminium Alloy Wood Design with Bridge Pin Remover",-,"in stock",new,30200,https://www.tokopedia.com/hifebriansyah/slozz-capo-gitar-aluminium-alloy-wood-design-with-bridge-pin-remover,https://images.tokopedia.net/img/cache/500-square/VqbcmM/2021/10/7/c42c80b0-da5b-4def-b699-cdbbe26302ce.jpg?ect=4g,...
168,"Flipo Flip Mainan Rolling Square Flip Dancing Kinetic Energy",-,"in stock",new,30000,https://www.tokopedia.com/hifebriansyah/flipo-flip-mainan-rolling-square-flip-dancing-kinetic-energy,https://images.tokopedia.net/img/cache/500-square/VqbcmM/2021/10/3/c419b4f4-49ae-469e-a6b7-2b8e744bc2f0.jpg?ect=4g,...
169,"Mainan papan tulis magnet multicolor",-,"in stock",new,30000,https://www.tokopedia.com/hifebriansyah/mainan-papan-tulis-magnet-multicolor,https://images.tokopedia.net/img/cache/500-square/VqbcmM/2021/11/2/0c8179b1-0f62-4d0d-b548-cbff78d32487.jpg?ect=4g,...
170,"Knowledge Zenith Bluetooth Adapter Cable for Earphone ZST/ED12 - Black",-,"in stock",new,95000,https://www.tokopedia.com/hifebriansyah/knowledge-zenith-bluetooth-adapter-cable-for-earphone-zst-ed12-black,https://images.tokopedia.net/img/cache/500-square/VqbcmM/2021/10/26/ec9b88b0-11c1-4cf8-8c85-9ea4f7978df7.jpg?ect=4g,kz-bluetooth-adapter-cable-for-earphone-zst-or-ed12-black
171,"macbook pro 2015 256gb mf840 (bonus casing iphone 6s plus)",-,"in stock",new,9999999,https://www.tokopedia.com/hifebriansyah/macbook-pro-2015-256gb-mf840-bonus-casing-iphone-6s-plus,https://images.tokopedia.net/img/cache/500-square/product-1/2019/3/13/1418059/1418059_5c0e8981-4c3a-407d-97d2-c110583afdda_1134_1134.jpg?ect=4g,...
